{"stats":{"minecraft:mined":{"minecraft:dandelion":1,"minecraft:grass":4},"minecraft:used":{"minecraft:music_disc_far":1,"minecraft:writable_book":3,"minecraft:music_disc_otherside":2,"minecraft:dropper":2,"minecraft:spruce_slab":21,"minecraft:redstone":21,"minecraft:ladder":3,"minecraft:oak_planks":123,"minecraft:spruce_planks":88,"minecraft:chest":20,"minecraft:stone":37,"minecraft:ender_chest":1,"minecraft:music_disc_5":1,"minecraft:spruce_sign":2,"minecraft:oak_door":6,"minecraft:mossy_cobblestone":11,"minecraft:dirt":52,"minecraft:yellow_terracotta":32,"minecraft:music_disc_cat":1,"minecraft:hopper":16,"minecraft:red_bed":5,"minecraft:spruce_stairs":140,"minecraft:stripped_cherry_wood":15,"minecraft:music_disc_11":2,"minecraft:music_disc_13":1,"minecraft:spruce_fence":14,"minecraft:spruce_log":96,"minecraft:music_disc_strad":2,"minecraft:music_disc_relic":1,"minecraft:birch_fence":8,"minecraft:redstone_torch":32,"minecraft:mossy_cobblestone_stairs":1,"minecraft:sticky_piston":6,"minecraft:music_disc_mellohi":2,"minecraft:piston":5,"minecraft:black_concrete":37,"minecraft:stripped_dark_oak_wood":3,"minecraft:music_disc_pigstep":1,"minecraft:command_block":4,"minecraft:music_disc_mall":2,"minecraft:lantern":5,"minecraft:grass_block":2,"minecraft:oak_button":2,"minecraft:music_disc_ward":2,"minecraft:spruce_pressure_plate":10,"minecraft:chicken_spawn_egg":2,"minecraft:music_disc_chirp":1,"minecraft:iron_door":4,"minecraft:music_disc_wait":2,"minecraft:music_disc_blocks":1,"minecraft:music_disc_stal":2,"minecraft:repeater":2,"minecraft:cobblestone":16,"minecraft:written_book":2,"minecraft:glass_pane":18,"minecraft:oak_hanging_sign":5,"minecraft:jukebox":6},"minecraft:picked_up":{"minecraft:music_disc_5":1,"minecraft:music_disc_strad":2,"minecraft:feather":4,"minecraft:chicken":2,"minecraft:music_disc_stal":2,"minecraft:red_bed":1,"minecraft:spruce_planks":1,"minecraft:music_disc_otherside":3,"minecraft:music_disc_far":1,"minecraft:redstone_torch":2,"minecraft:music_disc_blocks":1,"minecraft:music_disc_relic":1,"minecraft:dandelion":4,"minecraft:music_disc_mellohi":2,"minecraft:music_disc_11":18,"minecraft:music_disc_pigstep":1,"minecraft:redstone":1,"minecraft:music_disc_mall":2,"minecraft:command_block":1,"minecraft:music_disc_ward":2,"minecraft:oak_button":1,"minecraft:music_disc_wait":2},"minecraft:custom":{"minecraft:inspect_dropper":8,"minecraft:mob_kills":2,"minecraft:inspect_hopper":9,"minecraft:play_record":24,"minecraft:leave_game":5,"minecraft:time_since_death":12144,"minecraft:sleep_in_bed":1,"minecraft:climb_one_cm":458,"minecraft:time_since_rest":12171,"minecraft:sprint_one_cm":43999,"minecraft:damage_taken":50,"minecraft:walk_one_cm":136335,"minecraft:drop":1,"minecraft:damage_dealt":90,"minecraft:swim_one_cm":4993,"minecraft:fly_one_cm":304147,"minecraft:open_chest":32,"minecraft:crouch_one_cm":871,"minecraft:play_time":143624,"minecraft:deaths":11,"minecraft:sneak_time":1576,"minecraft:walk_under_water_one_cm":742,"minecraft:jump":185,"minecraft:walk_on_water_one_cm":2201,"minecraft:total_world_time":143624,"minecraft:fall_one_cm":4022},"minecraft:dropped":{"minecraft:music_disc_otherside":1},"minecraft:killed":{"minecraft:chicken":2}},"DataVersion":3465}